Year,Country code,Country,Population,Total Water Consumption(Billion Cubic Meters),Per Capita Water Use (Liters per Day),Agricultural Water Use (%),Industrial Water Use (%),Household Water Use (%),Rainfall Impact (Annual Precipitation in mm),Groundwater Depletion Rate (%),Water Scarcity Level,Number of dams,Reservoir_Capacity_TMC,Number_of_Industries
1990,356,India,"40,51,23,000",350,2367.85,39.5,37.2,23.3,1615.8,2.1,Low,2240,1250,8800
1990,156,China,1130000000,502,1212.14,84,37.2,5,640,2,Low,19000,450,126000
1990,840,USA,249000000,564,2180,65,45,12,715,30,High,75000,460,380000
1990,76,Brazil,149000000,45,827.9,60,20,10,2200,2,Low,1500,350,130000
1990,643,Russia,148000000,117,2165.5,35,45,10,460,7,High,3300,850,45000
1990,484,Mexico,81200000,77,360,82,5,8,750,1,Moderate,4000,7000,250000
1990,36,Australia,210000,16.5,214.9,1,55,55,905,2,Low,4500,1560,250000
1990,826,England,48000000,16.5,940.1,1,25,55,905,0.3,Low,4500,1800,210000
1990,250,France,58200000,40,175,15,22,16,770,20,Low,550,7800,210000
1990,124,Canada,27700000,45,650,12,80,9,537,0,Low,10000,60000,70000
1990,392,Japan,123500000,89,360,66,33,18,1695,0,Low,2800,17000,470000
1990,32,Argentina,32600000,32,550,75,8,10,591,0.5,Low,100,2100,60000
1990,704,Vietnam,66000000,60,80,92,8,8,1800,0.1,Low,500,17000,15000
1990,608,Philippines,61900000,50,160,86,5,10,2400,0.5,Low,700,850,30000
1990,364,Iran,56000000,71,450,92,5,6,250,5,Moderate,40,25,65000
1990,764,Thailand,56100000,35,500,90,5,5,1600,5,Low,10000,70000,60000
1990,860,Uzbekistan,20500000,64,2000,98,8,5,250,2,Moderate,1000,28000,2000
1990,792,Turkey,56500000,32,180,75,12,16,670,1,Low,500,1700,90000
1990,604,Peru,22100000,20,300,86,4,8,1700,0,Moderate,1500,525,50000
1990,368,Iraq,17100000,80,650,92,5,5,220,1,Moderate,130,4200,25000
1991,356,India,"41,54,56,000",365.5,2340.1,40.2,36.8,23,1589.3,2.15,Low,2350,1285.5,8960
1991,156,China,1140000000,515,1237.99,83.2,36.8,5.314,639.286,2.229,Low,19150,470,135000
1991,840,USA,252000000,560,2145,64.2,43.8,12.086,722.5,29.57,High,75457,461.5,387143
1991,76,Brazil,150600000,45.9,836.3,60.2,19.7,10.2,2193.1,2.6,Low,1571,351.4,139143
1991,643,Russia,147885714,115.4,2148.6,34.6,44.1,10.2,461.1,6.9,High,3306,854,49457
1991,484,Mexico,82537143,77.1,357.1,81.8,5.2,8.2,747.1,1.1,Moderate,4043,7100,260000
1991,36,Australia,211714,16.43,213.3,1.09,54.4,55.1,909.1,2.2,Low,4520,1562,260000
1991,826,England,48260000,16.43,933.3,1.11,24.5,55.1,909.1,0.32,Low,4514,1801,211714
1991,250,France,58405714,39.7,174,14.9,21.6,16.1,772.3,20.4,Low,553,7814,210571
1991,124,Canada,28000000,44.7,644.3,11.9,79.7,9.1,538,0,Low,10143,60286,68857
1991,392,Japan,123485714,88.6,357.1,65.9,32.5,17.9,1697,0,Low,2806,17043,463429
1991,32,Argentina,33000000,32.2,547.1,74.9,8.1,10.1,589,0.6,Low,101,2114,60857
1991,704,Vietnam,67000000,61,81,91.7,8.1,8.2,1798,0.2,Low,520,18029,26214
1991,608,Philippines,63657143,51,159,85.5,5.1,10.1,2398,0.6,Low,751,864,32857
1991,364,Iran,56942857,72,444,91.9,5.1,6.1,248,5.7,Moderate,46,26,66571
1991,764,Thailand,56505714,36,496,89.4,5.2,5.1,1593,5.7,Low,10571,70429,65429
1991,860,Uzbekistan,20942857,63.5,1977.1,97.6,7.9,5.1,248.6,2.1,Moderate,1029,28014,2286
1991,792,Turkey,57342857,32.8,179.1,74.7,12.2,16.1,667.1,1.2,Low,537,1783,94286
1991,604,Peru,22465714,20.2,295.7,85.8,4.1,8.05,1695.7,0.09,Moderate,2029,528,54286
1991,368,Iraq,17914286,79.3,637.1,91.8,4.91,5.06,217.1,1.17,Moderate,138,4151,24571
1992,356,India,"42,61,23,000",381.25,2314.68,41,36.5,22.5,1623.1,2.05,Low,2460,1321.75,9120
1992,156,China,1150000000,530,1261.83,82.4,36.5,5.642,638.571,2.458,Moderate,19300,490,144000
1992,840,USA,255000000,556,2110,63.4,42.6,12.172,730,29.14,High,75914,463,394286
1992,76,Brazil,152200000,46.8,842.2,60.4,19.4,10.4,2186.3,3.2,Low,1643,352.9,148286
1992,643,Russia,147771429,113.9,2132.4,34.1,43.3,10.5,462.3,6.7,High,3311,859,53914
1992,484,Mexico,83874286,77.2,354.3,81.6,5.4,8.4,744.3,1.2,Moderate,4086,7200,270000
1992,36,Australia,213429,16.36,211.7,1.17,53.9,55.3,913.3,2.4,Low,4540,1564,270000
1992,826,England,48520000,16.37,926.7,1.23,23.9,55.3,913.3,0.34,Low,4529,1803,213429
1992,250,France,58611429,39.4,173,14.7,21.2,16.2,774.6,20.9,Low,556,7829,211143
1992,124,Canada,28300000,44.4,638.6,11.8,79.3,9.2,539,0,Low,10286,60571,67714
1992,392,Japan,123471429,88.1,354.3,65.7,32,17.9,1699,0,Low,2811,17086,456857
1992,32,Argentina,33400000,32.4,544.3,74.7,8.2,10.2,587,0.7,Low,102,2129,61714
1992,704,Vietnam,68000000,62,82,91.4,8.2,8.4,1796,0.3,Low,540,19057,37429
1992,608,Philippines,65414286,52,158,85.1,5.3,10.3,2396,0.7,Low,803,879,35714
1992,364,Iran,57885714,73,438,91.9,5.2,6.2,246,6.4,Moderate,52,28,68143
1992,764,Thailand,56911429,36,491,88.9,5.4,5.3,1586,6.4,Low,11143,70857,70857
1992,860,Uzbekistan,21385714,63,1954.3,97.3,7.7,5.3,247.1,2.3,Moderate,1057,28029,2571
1992,792,Turkey,58185714,33.6,178.3,74.4,12.4,16.2,664.3,1.4,Low,574,1866,98571
1992,604,Peru,22831429,20.4,291.4,85.7,4.2,8.11,1691.4,0.17,Moderate,2557,531,58571
1992,368,Iraq,18728571,78.6,624.3,91.6,4.83,5.11,214.3,1.34,Moderate,145,4103,24143
1993,356,India,"43,72,34,000",397.25,2291.29,40.5,37,22.5,1598.45,2.2,Low,2570,1358.75,9280
1993,156,China,1160000000,546,1287.1,81.6,37,5.985,637.857,2.687,Moderate,19450,510,153000
1993,840,USA,258000000,552,2075,62.6,41.4,12.258,737.5,28.71,High,76371,464.5,401429
1993,76,Brazil,153800000,47.7,848.3,60.6,19.1,10.6,2179.4,3.8,Low,1714,354.3,157429
1993,643,Russia,147657143,112.3,2116.8,33.7,42.4,10.7,463.4,6.6,High,3317,863,58371
1993,484,Mexico,85211429,77.3,351.4,81.4,5.6,8.6,741.4,1.3,Moderate,4129,7300,280000
1993,36,Australia,215143,16.29,210.1,1.26,53.3,55.4,917.4,2.6,Low,4560,1566,280000
1993,826,England,48780000,16.3,920.2,1.34,23.4,55.4,917.4,0.36,Low,4543,1804,215143
1993,250,France,58817143,39.1,172,14.6,20.8,16.3,776.9,21.3,Low,559,7843,211714
1993,124,Canada,28600000,44.1,632.9,11.7,79,9.3,540,0,Low,10429,60857,66571
1993,392,Japan,123457143,87.7,351.4,65.6,31.5,17.8,1701,0,Low,2817,17129,450286
1993,32,Argentina,33800000,32.6,541.4,74.6,8.3,10.3,585,0.8,Low,103,2143,62571
1993,704,Vietnam,69000000,63,83,91.1,8.3,8.6,1794,0.4,Low,560,20086,48643
1993,608,Philippines,67171429,53,157,84.6,5.4,10.4,2394,0.8,Low,854,893,38571
1993,364,Iran,58828571,74,432,91.8,5.3,6.3,244,7.1,Moderate,58,29,69714
1993,764,Thailand,57317143,37,487,88.3,5.6,5.4,1579,7.1,Low,11714,71286,76286
1993,860,Uzbekistan,21828571,62.5,1931.4,96.9,7.6,5.4,245.7,2.4,Moderate,1086,28043,2857
1993,792,Turkey,59028571,34.4,177.4,74.1,12.6,16.3,661.4,1.6,Low,611,1949,102857
1993,604,Peru,23197143,20.6,287.1,85.5,4.3,8.17,1687.1,0.26,Moderate,3086,534,62857
1993,368,Iraq,19542857,77.9,611.4,91.4,4.74,5.17,211.4,1.51,Moderate,153,4054,23714
1994,356,India,"44,87,89,000",413.5,2269.7,41.5,36.2,22.3,1610.2,2.12,Low,2680,1396.5,9440
1994,156,China,1170000000,562,1312.83,80.8,36.2,6.343,637.143,2.916,Low,19600,530,162000
1994,840,USA,261000000,548,2040,61.8,40.2,12.344,745,28.28,High,76828,466,408571
1994,76,Brazil,155400000,48.6,854.5,60.8,18.8,10.8,2172.5,4.4,Low,1786,355.7,166571
1994,643,Russia,147542857,110.7,2101.9,33.2,41.6,11,464.5,6.4,High,3323,868,62828
1994,484,Mexico,86548571,77.4,348.6,81.2,5.8,8.8,738.6,1.4,Moderate,4171,7400,290000
1994,36,Australia,216857,16.21,208.5,1.34,52.7,55.6,921.5,2.8,Low,4580,1568,290000
1994,826,England,49040000,16.23,913.8,1.46,22.9,55.6,921.5,0.38,Low,4557,1806,216857
1994,250,France,59022857,38.9,171,14.4,20.4,16.4,779.1,21.7,Low,563,7857,212286
1994,124,Canada,28900000,43.8,627.2,11.6,78.7,9.4,541,0,Low,10571,61143,65429
1994,392,Japan,123442857,87.3,348.6,65.4,31,17.8,1703,0,Low,2823,17171,443714
1994,32,Argentina,34200000,32.8,538.6,74.4,8.4,10.4,583,0.9,Low,104,2157,63429
1994,704,Vietnam,70000000,64,84,90.9,8.4,8.8,1792,0.5,Low,580,21114,59857
1994,608,Philippines,68928571,54,156,84.1,5.6,10.6,2392,0.9,Low,906,907,41429
1994,364,Iran,59771429,75,426,91.8,5.4,6.4,242,7.9,Moderate,64,31,71286
1994,764,Thailand,57722857,38,483,87.7,5.8,5.6,1571,7.9,Low,12286,71714,81714
1994,860,Uzbekistan,22271429,62,1908.6,96.6,7.4,5.6,244.3,2.6,Moderate,1114,28057,3143
1994,792,Turkey,59871429,35.2,176.6,73.9,12.8,16.4,658.6,1.8,Low,649,2031,107143
1994,604,Peru,23562857,20.8,282.9,85.4,4.4,8.23,1682.9,0.34,Moderate,3614,537,67143
1994,368,Iraq,20357143,77.1,598.6,91.2,4.66,5.23,208.6,1.69,Moderate,160,4006,23286
1995,356,India,"46,08,12,000",430,2249.71,42,36.8,21.2,1605.75,2.18,Low,2790,1435,9600
1995,156,China,1180000000,579,1339.03,80,36.8,6.717,636.429,3.145,Moderate,19750,550,171000
1995,840,USA,264000000,544,2005,61,39,12.43,752.5,27.85,High,77285,467.5,415714
1995,76,Brazil,157000000,49.5,860.8,61,18.5,11,2165.6,5,Low,1857,357.1,175714
1995,643,Russia,147428571,109.1,2087.6,32.8,40.7,11.2,465.6,6.3,High,3329,872,67285
1995,484,Mexico,87885714,77.5,345.7,81,6,9,735.7,1.5,Moderate,4214,7500,300000
1995,36,Australia,218571,16.14,207,1.43,52.1,55.7,925.6,3,Low,4600,1570,300000
1995,826,England,49300000,16.17,907.5,1.57,22.4,55.7,925.6,0.4,Low,4571,1807,218571
1995,250,France,59228571,38.6,170,14.3,20,16.5,781.4,22.1,Low,566,7871,212857
1995,124,Canada,29200000,43.5,621.5,11.5,78.3,9.5,542,0,Low,10714,61429,64286
1995,392,Japan,123428571,86.9,345.7,65.3,30.5,17.7,1705,0,Low,2829,17214,437143
1995,32,Argentina,34600000,33,535.7,74.3,8.5,10.5,581,1,Low,105,2171,64286
1995,704,Vietnam,71000000,65,85,90.6,8.5,9,1790,0.6,Low,600,22143,71071
1995,608,Philippines,70685714,55,155,83.6,5.7,10.7,2390,1,Low,957,921,44286
1995,364,Iran,60714286,76,420,91.7,5.5,6.5,240,8.6,Moderate,70,32,72857
1995,764,Thailand,58128571,38,479,87.1,6,5.7,1564,8.6,Low,12857,72143,87143
1995,860,Uzbekistan,22714286,61.5,1885.7,96.3,7.3,5.7,242.9,2.7,Moderate,1143,28071,3429
1995,792,Turkey,60714286,36,175.7,73.6,13,16.5,655.7,2,Low,686,2114,111429
1995,604,Peru,23928571,21,278.6,85.2,4.5,8.29,1678.6,0.43,Moderate,4143,540,71429
1995,368,Iraq,21171429,76.4,585.7,91,4.57,5.29,205.7,1.86,High,168,3957,22857
1996,356,India,"47,33,01,000",446.75,2231.15,41.2,37.5,21.3,1592.1,2.25,Low,2900,1474.25,9760
1996,156,China,1190000000,596,1365.71,79.2,37.5,7.108,635.714,3.374,Moderate,19900,570,180000
1996,840,USA,267000000,540,1970,60.2,37.8,12.516,760,27.42,High,77742,469,422857
1996,76,Brazil,158600000,50.4,867.2,61.2,18.2,11.2,2158.8,5.6,Low,1929,358.6,184857
1996,643,Russia,147314286,107.6,2073.9,32.3,39.9,11.5,466.8,6.1,High,3334,877,71742
1996,484,Mexico,89222857,77.6,342.9,80.8,6.2,9.2,732.9,1.6,Moderate,4257,7600,310000
1996,36,Australia,220286,16.07,205.4,1.51,51.6,55.9,929.8,3.2,Low,4620,1572,310000
1996,826,England,49560000,16.1,901.3,1.69,21.9,55.9,929.8,0.42,Low,4586,1809,220286
1996,250,France,59434286,38.3,169,14.1,19.6,16.6,783.7,22.6,Low,569,7886,213429
1996,124,Canada,29500000,43.2,615.8,11.4,78,9.6,543,0,Low,10857,61714,63143
1996,392,Japan,123414286,86.4,342.9,65.1,30,17.7,1707,0,Low,2834,17257,430571
1996,32,Argentina,35000000,33.2,532.9,74.1,8.6,10.6,579,1.1,Low,106,2186,65143
1996,704,Vietnam,72000000,66,86,90.3,8.6,9.2,1788,0.7,Low,620,23171,82286
1996,608,Philippines,72442857,56,154,83.1,5.9,10.9,2388,1.1,Low,1009,936,47143
1996,364,Iran,61657143,77,414,91.7,5.6,6.6,238,9.3,Moderate,76,34,74429
1996,764,Thailand,58534286,39,475,86.6,6.2,5.9,1557,9.3,Low,13429,72571,92571
1996,860,Uzbekistan,23157143,61,1862.9,95.9,7.1,5.9,241.4,2.9,High,1171,28086,3714
1996,792,Turkey,61557143,36.8,174.9,73.3,13.2,16.6,652.9,2.2,Low,723,2197,115714
1996,604,Peru,24294286,21.2,274.3,85.1,4.6,8.35,1674.3,0.51,Moderate,4671,543,75714
1996,368,Iraq,21985714,75.7,572.9,90.8,4.49,5.34,202.9,2.03,High,175,3909,22429
1997,356,India,"48,62,65,000",463.75,2213.88,42.5,36.7,20.8,1618.65,2.16,Low,3010,1514.25,9920
1997,156,China,1200000000,614,1392.89,78.4,36.7,7.516,635,3.603,Moderate,20050,590,189000
1997,840,USA,270000000,536,1935,59.4,36.6,12.602,767.5,26.99,High,78199,470.5,430000
1997,76,Brazil,160200000,51.3,873.7,61.4,17.9,11.4,2151.9,6.2,Low,2000,360,194000
1997,643,Russia,147200000,106,2060.8,31.9,39,11.7,467.9,6,High,3340,881,76199
1997,484,Mexico,90560000,77.7,340,80.6,6.4,9.4,730,1.7,Moderate,4300,7700,320000
1997,36,Australia,222000,16,203.9,1.6,51,56,933.9,3.4,Low,4640,1574,320000
1997,826,England,49820000,16.03,895.2,1.8,21.4,56,933.9,0.44,Low,4600,1810,222000
1997,250,France,59640000,38,168,14,19.2,16.7,786,23,Low,572,7900,214000
1997,124,Canada,29800000,42.9,610.1,11.3,77.7,9.7,544,0,Low,11000,62000,62000
1997,392,Japan,123400000,86,340,65,29.5,17.6,1709,0,Low,2840,17300,424000
1997,32,Argentina,35400000,33.4,530,74,8.7,10.7,577,1.2,Low,107,2200,66000
1997,704,Vietnam,73000000,67,87,90,8.7,9.4,1786,0.8,Low,640,24200,93500
1997,608,Philippines,74200000,57,153,82.6,6,11,2386,1.2,Low,1060,950,50000
1997,364,Iran,62600000,78,408,91.6,5.7,6.7,236,10,Moderate,82,35,76000
1997,764,Thailand,58940000,40,471,86,6.4,6,1550,10,Low,14000,73000,98000
1997,860,Uzbekistan,23600000,60.5,1840,95.6,7,6,240,3,High,1200,28100,4000
1997,792,Turkey,62400000,37.6,174,73,13.4,16.7,650,2.4,Low,760,2280,120000
1997,604,Peru,24660000,21.4,270,84.9,4.7,8.41,1670,0.6,Moderate,5200,546,80000
1997,368,Iraq,22800000,75,560,90.6,4.4,5.4,200,2.2,High,183,3860,22000
1998,356,India,"49,97,12,000",481,2197.78,43,37,20,1601.4,2.22,Low,3120,1555,10080
1998,156,China,1210000000,632,1420.58,77.6,37,7.942,634.286,3.832,Moderate,20200,610,198000
1998,840,USA,273000000,532,1900,58.6,35.4,12.688,775,26.56,High,78656,472,437143
1998,76,Brazil,161800000,52.2,880.3,61.6,17.6,11.6,2145,6.8,Low,2071,361.4,203143
1998,643,Russia,147085714,104.4,2048.3,31.4,38.2,12,469,5.8,High,3346,886,80656
1998,484,Mexico,91897143,77.8,337.1,80.4,6.6,9.6,727.1,1.8,Moderate,4343,7800,330000
1998,36,Australia,223714,15.93,202.4,1.69,50.4,56.1,938,3.6,Low,4660,1576,330000
1998,826,England,50080000,15.97,889.2,1.91,20.9,56.1,938,0.46,Low,4614,1811,223714
1998,250,France,59845714,37.7,167,13.9,18.8,16.8,788.3,23.4,Low,576,7914,214571
1998,124,Canada,30100000,42.6,604.4,11.2,77.3,9.8,545,0,Low,11143,62286,60857
1998,392,Japan,123385714,85.6,337.1,64.9,29,17.6,1711,0,Low,2846,17343,417429
1998,32,Argentina,35800000,33.6,527.1,73.9,8.8,10.8,575,1.3,Low,108,2214,66857
1998,704,Vietnam,74000000,68,88,89.7,8.8,9.6,1784,0.9,Low,660,25229,104714
1998,608,Philippines,75957143,58,152,82.1,6.1,11.1,2384,1.3,Low,1111,964,52857
1998,364,Iran,63542857,79,402,91.6,5.8,6.8,234,10.7,Moderate,88,37,77571
1998,764,Thailand,59345714,40,467,85.4,6.6,6.1,1543,10.7,Low,14571,73429,103429
1998,860,Uzbekistan,24042857,60,1817.1,95.3,6.9,6.1,238.6,3.1,High,1229,28114,4286
1998,792,Turkey,63242857,38.4,173.1,72.7,13.6,16.8,647.1,2.6,Low,797,2363,124286
1998,604,Peru,25025714,21.6,265.7,84.8,4.8,8.47,1665.7,0.69,Moderate,5729,549,84286
1998,368,Iraq,23614286,74.3,547.1,90.4,4.31,5.46,197.1,2.37,High,190,3811,21571
1999,356,India,"51,36,50,000",498.5,2182.74,42.8,37.2,20,1595.85,2.28,Low,3230,1596.5,10240
1999,156,China,1220000000,651,1448.79,76.8,37.2,8.387,633.571,4.061,Moderate,20350,630,207000
1999,840,USA,276000000,528,1865,57.8,34.2,12.774,782.5,26.13,High,79113,473.5,444286
1999,76,Brazil,163400000,53.1,887,61.8,17.3,11.8,2138.1,7.4,Low,2143,362.9,212286
1999,643,Russia,146971429,102.9,2036.4,31,37.3,12.2,470.1,5.7,High,3351,890,85113
1999,484,Mexico,93234286,77.9,334.3,80.2,6.8,9.8,724.3,1.9,Moderate,4386,7900,340000
1999,36,Australia,225429,15.86,200.9,1.77,49.9,56.3,942.1,3.8,Low,4680,1578,340000
1999,826,England,50340000,15.9,883.3,2.03,20.4,56.3,942.1,0.48,Low,4629,1813,225429
1999,250,France,60051429,37.4,166,13.7,18.4,16.9,790.6,23.9,Low,579,7929,215143
1999,124,Canada,30400000,42.3,598.7,11.1,77,9.9,546,0,Low,11286,62571,59714
1999,392,Japan,123371429,85.1,334.3,64.7,28.5,17.5,1713,0,Low,2851,17386,410857
1999,32,Argentina,36200000,33.8,524.3,73.7,8.9,10.9,573,1.4,Low,109,2229,67714
1999,704,Vietnam,75000000,69,89,89.4,8.9,9.8,1782,1,Low,680,26257,115929
1999,608,Philippines,77714286,59,151,81.6,6.3,11.3,2382,1.4,Low,1163,979,55714
1999,364,Iran,64485714,80,396,91.5,5.9,6.9,232,11.4,Moderate,94,38,79143
1999,764,Thailand,59751429,41,463,84.9,6.8,6.3,1536,11.4,Low,15143,73857,108857
1999,860,Uzbekistan,24485714,59.5,1794.3,94.9,6.7,6.3,237.1,3.3,High,1257,28129,4571
1999,792,Turkey,64085714,39.2,172.3,72.4,13.8,16.9,644.3,2.8,Low,834,2446,128571
1999,604,Peru,25391429,21.8,261.4,84.6,4.9,8.53,1661.4,0.77,Moderate,6257,552,88571
1999,368,Iraq,24428571,73.6,534.3,90.2,4.23,5.51,194.3,2.54,High,198,3763,21143
2000,356,India,"46,57,95,000",516.25,2386.57,37.49,39.08,23.74,1568.96,2.27,Low,3340,1638.75,10400
2000,156,China,1230000000,670,1477.53,76,39.08,8.851,632.857,4.29,Moderate,20500,650,216000
2000,840,USA,279000000,524,1830,57,33,12.86,790,25.7,High,79570,475,451429
2000,76,Brazil,165000000,54,893.9,62,17,12,2131.3,8,Low,2214,364.3,221429
2000,643,Russia,146857143,101.3,2025,30.5,36.5,12.5,471.3,5.5,High,3357,895,89570
2000,484,Mexico,94571429,78,331.4,80,7,10,721.4,2,Moderate,4429,8000,350000
2000,36,Australia,227143,15.79,199.4,1.86,49.3,56.4,946.3,4,Low,4700,1580,350000
2000,826,England,50600000,15.83,877.5,2.14,19.9,56.4,946.3,0.5,Low,4643,1814,227143
2000,250,France,60257143,37.1,165,13.6,18,17,792.9,24.3,Low,582,7943,215714
2000,124,Canada,30700000,42,593,11,76.7,10,547,0,Low,11429,62857,58571
2000,392,Japan,123357143,84.7,331.4,64.6,28,17.5,1715,0,Low,2857,17429,404286
2000,32,Argentina,36600000,34,521.4,73.6,9,11,571,1.5,Low,110,2243,68571
2000,704,Vietnam,76000000,70,90,89.1,9,10,1780,1.1,Low,700,27286,127143
2000,608,Philippines,79471429,60,150,81.1,6.4,11.4,2380,1.5,Low,1214,993,58571
2000,364,Iran,65428571,81,390,91.5,6,7,230,12.1,Moderate,100,40,80714
2000,764,Thailand,60157143,42,459,84.3,7,6.4,1529,12.1,Low,15714,74286,114286
2000,860,Uzbekistan,24928571,59,1771.4,94.6,6.6,6.4,235.7,3.4,High,1286,28143,4857
2000,792,Turkey,64928571,40,171.4,72.1,14,17,641.4,3,Low,871,2529,132857
2000,604,Peru,25757143,22,257.1,84.5,5,8.59,1657.1,0.86,Moderate,6786,555,92857
2000,368,Iraq,25242857,72.9,521.4,90,4.14,5.57,191.4,2.71,High,205,3714,20714
2001,356,India,"48,53,42,000",534.25,2639.7,59.99,20.73,25.14,1766.2,3.04,Moderate,3450,1681.75,10560
2001,156,China,1240000000,690,1506.81,75.2,20.73,9.335,632.143,4.519,Moderate,20650,670,225000
2001,840,USA,282000000,520,1795,56.2,31.8,12.946,785,25.27,High,80027,476.5,458571
2001,76,Brazil,166600000,54.9,900.9,62.2,16.7,12.2,2124.4,8.6,Low,2286,365.7,230571
2001,643,Russia,146742857,99.7,2014.2,30.1,35.6,12.7,472.4,5.4,High,3363,899,94027
2001,484,Mexico,95908571,78.1,328.6,79.8,7.2,10.2,718.6,2.1,Moderate,4471,8100,360000
2001,36,Australia,228857,15.71,197.9,1.94,48.7,56.6,950.4,4.2,Low,4720,1582,360000
2001,826,England,50860000,15.77,871.8,2.26,19.4,56.6,950.4,0.52,Low,4657,1816,228857
2001,250,France,60462857,36.9,164,13.4,17.6,17.1,795.1,24.7,Low,585,7957,216286
2001,124,Canada,31000000,41.7,587.3,10.9,76.3,10.1,548,0,Low,11571,63143,57429
2001,392,Japan,123342857,84.3,328.6,64.4,27.5,17.4,1717,0,Low,2863,17471,397714
2001,32,Argentina,37000000,34.2,518.6,73.4,9.1,11.1,569,1.6,Low,111,2257,69429
2001,704,Vietnam,77000000,71,91,88.9,9.1,10.2,1778,1.2,Low,720,28314,138357
2001,608,Philippines,81228571,61,149,80.6,6.6,11.6,2378,1.6,Moderate,1266,1007,61429
2001,364,Iran,66371429,82,384,91.4,6.1,7.1,228,12.9,Moderate,106,41,82286
2001,764,Thailand,60562857,42,455,83.7,7.2,6.6,1521,12.9,Low,16286,74714,119714
2001,860,Uzbekistan,25371429,58.5,1748.6,94.3,6.4,6.6,234.3,3.6,High,1314,28157,5143
2001,792,Turkey,65771429,40.8,170.6,71.9,14.2,17.1,638.6,3.2,Low,909,2611,137143
2001,604,Peru,26122857,22.2,252.9,84.3,5.1,8.65,1652.9,0.94,Moderate,7314,558,97143
2001,368,Iraq,26057143,72.1,508.6,89.8,4.06,5.63,188.6,2.89,High,213,3666,20286
2002,356,India,"59,57,85,000",552.5,1557.73,44.51,26.87,25.99,1603.48,1.89,Low,3560,1725.5,10720
2002,156,China,1250000000,711,1536.65,74.4,26.87,9.839,631.429,4.748,Moderate,20800,690,234000
2002,840,USA,285000000,516,1760,55.4,30.6,13.032,780,24.84,Moderate,80484,478,465714
2002,76,Brazil,168200000,55.8,908,62.4,16.4,12.4,2117.5,9.2,Low,2357,367.1,239714
2002,643,Russia,146628571,98.1,2003.9,29.6,34.8,13,473.5,5.2,High,3369,904,98484
2002,484,Mexico,97245714,78.2,325.7,79.6,7.4,10.4,715.7,2.2,Moderate,4514,8200,370000
2002,36,Australia,230571,15.64,196.4,2.03,48.1,56.7,954.5,4.4,Low,4740,1584,370000
2002,826,England,51120000,15.7,866.2,2.37,18.9,56.7,954.5,0.54,Low,4671,1817,230571
2002,250,France,60668571,36.6,163,13.3,17.2,17.2,797.4,25.1,Low,589,7971,216857
2002,124,Canada,31300000,41.4,581.6,10.8,76,10.2,549,0,Low,11714,63429,56286
2002,392,Japan,123328571,83.9,325.7,64.3,27,17.4,1719,0,Low,2869,17514,391143
2002,32,Argentina,37400000,34.4,515.7,73.3,9.2,11.2,567,1.7,Low,112,2271,70286
2002,704,Vietnam,78000000,72,92,88.6,9.2,10.4,1776,1.3,Low,740,29343,149571
2002,608,Philippines,82985714,62,148,80.1,6.7,11.7,2376,1.7,Moderate,1317,1021,64286
2002,364,Iran,67314286,83,378,91.4,6.2,7.2,226,13.6,High,112,43,83857
2002,764,Thailand,60968571,43,451,83.1,7.4,6.7,1514,13.6,Low,16857,75143,125143
2002,860,Uzbekistan,25814286,58,1725.7,93.9,6.3,6.7,232.9,3.7,High,1343,28171,5429
2002,792,Turkey,66614286,41.6,169.7,71.6,14.4,17.2,635.7,3.4,Moderate,946,2694,141429
2002,604,Peru,26488571,22.4,248.6,84.2,5.2,8.71,1648.6,1.03,Moderate,7843,561,101429
2002,368,Iraq,26871429,71.4,495.7,89.6,3.97,5.69,185.7,3.06,High,220,3617,19857
2003,356,India,"60,83,34,000",571,2008.25,46.63,25.02,23.38,2220.13,2.24,Moderate,3670,1770,10880
2003,156,China,1260000000,732,1567.06,73.6,25.02,10.365,630.714,4.977,Moderate,20950,710,243000
2003,840,USA,288000000,512,1725,54.6,29.4,13.118,775,24.41,Moderate,80941,479.5,472857
2003,76,Brazil,169800000,56.7,915.3,62.6,16.1,12.6,2110.6,9.8,Low,2429,368.6,248857
2003,643,Russia,146514286,96.6,1994.1,29.2,33.9,13.2,474.6,5.1,High,3374,908,102941
2003,484,Mexico,98582857,78.3,322.9,79.4,7.6,10.6,712.9,2.3,Moderate,4557,8300,380000
2003,36,Australia,232286,15.57,195,2.11,47.6,56.9,958.6,4.6,Low,4760,1586,380000
2003,826,England,51380000,15.63,860.7,2.49,18.4,56.9,958.6,0.56,Low,4686,1819,232286
2003,250,France,60874286,36.3,162,13.1,16.8,17.3,799.7,25.6,Low,592,7986,217429
2003,124,Canada,31600000,41.1,575.9,10.7,75.7,10.3,550,0,Low,11857,63714,55143
2003,392,Japan,123314286,83.4,322.9,64.1,26.5,17.3,1721,0,Low,2874,17557,384571
2003,32,Argentina,37800000,34.6,512.9,73.1,9.3,11.3,565,1.8,Low,113,2286,71143
2003,704,Vietnam,79000000,73,93,88.3,9.3,10.6,1774,1.4,Low,760,30371,160786
2003,608,Philippines,84742857,63,147,79.6,6.9,11.9,2374,1.8,Moderate,1369,1036,67143
2003,364,Iran,68257143,84,372,91.3,6.3,7.3,224,14.3,High,118,44,85429
2003,764,Thailand,61374286,44,447,82.6,7.6,6.9,1507,14.3,Low,17429,75571,130571
2003,860,Uzbekistan,26257143,57.5,1702.9,93.6,6.1,6.9,231.4,3.9,High,1371,28186,5714
2003,792,Turkey,67457143,42.4,168.9,71.3,14.6,17.3,632.9,3.6,Moderate,983,2777,145714
2003,604,Peru,26854286,22.6,244.3,84,5.3,8.77,1644.3,1.11,Moderate,8371,564,105714
2003,368,Iraq,27685714,70.7,482.9,89.4,3.89,5.74,182.9,3.23,High,228,3569,19429
2004,356,India,"59,41,96,000",589.75,2063.68,52.24,21.04,26.45,1353.03,2.36,Moderate,3780,1815.25,11040
2004,156,China,1270000000,754,1598.06,72.8,21.04,10.913,630,5.206,Moderate,21100,730,252000
2004,840,USA,291000000,508,1690,53.8,28.2,13.204,770,23.98,Moderate,81398,481,480000
2004,76,Brazil,171400000,57.6,922.7,62.8,15.8,12.8,2103.8,10.4,Low,2500,370,258000
2004,643,Russia,146400000,95,1984.8,28.7,33.1,13.5,475.8,4.9,High,3380,913,107398
2004,484,Mexico,99920000,78.4,320,79.2,7.8,10.8,710,2.4,Moderate,4600,8400,390000
2004,36,Australia,234000,15.5,193.5,2.2,47,57,962.8,4.8,Low,4780,1588,390000
2004,826,England,51640000,15.57,855.3,2.6,17.9,57,962.8,0.58,Low,4700,1820,234000
2004,250,France,61080000,36,161,13,16.4,17.4,802,26,Low,595,8000,218000
2004,124,Canada,31900000,40.8,570.2,10.6,75.3,10.4,551,0,Low,12000,64000,54000
2004,392,Japan,123300000,83,320,64,26,17.3,1723,0,Low,2880,17600,378000
2004,32,Argentina,38200000,34.8,510,73,9.4,11.4,563,1.9,Low,114,2300,72000
2004,704,Vietnam,80000000,74,94,88,9.4,10.8,1772,1.5,Low,780,31400,172000
2004,608,Philippines,86500000,64,146,79.1,7,12,2372,1.9,Moderate,1420,1050,70000
2004,364,Iran,69200000,85,366,91.3,6.4,7.4,222,15,High,124,46,87000
2004,764,Thailand,61780000,44,443,82,7.8,7,1500,15,Low,18000,76000,136000
2004,860,Uzbekistan,26700000,57,1680,93.3,6,7,230,4,High,1400,28200,6000
2004,792,Turkey,68300000,43.2,168,71,14.8,17.4,630,3.8,Moderate,1020,2860,150000
2004,604,Peru,27220000,22.8,240,83.9,5.4,8.83,1640,1.2,Moderate,8900,567,110000
2004,368,Iraq,28500000,70,470,89.2,3.8,5.8,180,3.4,High,235,3520,19000
2005,356,India,"70,47,99,000",608.75,1810.48,51.53,28.49,23.52,1663.06,2.08,Low,3890,1861.25,11200
2005,156,China,1280000000,776,1629.66,72,28.49,11.484,629.286,5.435,High,21250,750,261000
2005,840,USA,294000000,504,1655,53,27,13.29,765,23.55,Moderate,81855,482.5,487143
2005,76,Brazil,173000000,58.5,930.2,63,15.5,13,2096.9,11,Low,2571,371.4,267143
2005,643,Russia,146285714,93.4,1976,28.3,32.2,13.7,476.9,4.8,High,3386,917,111855
2005,484,Mexico,101257143,78.5,317.1,79,8,11,707.1,2.5,Moderate,4643,8500,400000
2005,36,Australia,235714,15.43,192.1,2.29,46.4,57.1,966.9,5,Low,4800,1590,400000
2005,826,England,51900000,15.5,850,2.71,17.4,57.1,966.9,0.6,Low,4714,1821,235714
2005,250,France,61285714,35.7,160,12.9,16,17.5,804.3,26.4,Moderate,598,8014,218571
2005,124,Canada,32200000,40.5,564.5,10.5,75,10.5,552,0,Low,12143,64286,52857
2005,392,Japan,123285714,82.6,317.1,63.9,25.5,17.2,1725,0,Low,2886,17643,371429
2005,32,Argentina,38600000,35,507.1,72.9,9.5,11.5,561,2,Low,115,2314,72857
2005,704,Vietnam,81000000,75,95,87.7,9.5,11,1770,1.6,Low,800,32429,183214
2005,608,Philippines,88257143,65,145,78.6,7.1,12.1,2370,2,Moderate,1471,1064,72857
2005,364,Iran,70142857,86,360,91.2,6.5,7.5,220,15.7,High,130,47,88571
2005,764,Thailand,62185714,45,439,81.4,8,7.1,1493,15.7,Low,18571,76429,141429
2005,860,Uzbekistan,27142857,56.5,1657.1,92.9,5.9,7.1,228.6,4.1,High,1429,28214,6286
2005,792,Turkey,69142857,44,167.1,70.7,15,17.5,627.1,4,Moderate,1057,2943,154286
2005,604,Peru,27585714,23,235.7,83.7,5.5,8.89,1635.7,1.29,Moderate,9429,570,114286
2005,368,Iraq,29314286,69.3,457.1,89,3.71,5.86,177.1,3.57,High,243,3471,18571
2006,356,India,"69,40,90,000",628,2383.55,52.89,24.8,19.37,1877.77,3.24,Moderate,4000,1908,11360
2006,156,China,1290000000,799,1661.88,71.2,24.8,12.079,628.571,5.664,Moderate,21400,770,270000
2006,840,USA,297000000,500,1620,52.2,25.8,13.376,760,23.12,Moderate,82312,484,494286
2006,76,Brazil,174600000,59.4,937.9,63.2,15.2,13.2,2090,11.6,Low,2643,372.9,276286
2006,643,Russia,146171429,91.9,1967.6,27.8,31.4,14,478,4.6,High,3391,922,116312
2006,484,Mexico,102594286,78.6,314.3,78.8,8.2,11.2,704.3,2.6,Moderate,4686,8600,410000
2006,36,Australia,237429,15.36,190.7,2.37,45.9,57.3,971,5.2,Low,4820,1592,410000
2006,826,England,52160000,15.43,844.8,2.83,16.9,57.3,971,0.62,Low,4729,1823,237429
2006,250,France,61491429,35.4,159,12.7,15.6,17.6,806.6,26.9,Moderate,602,8029,219143
2006,124,Canada,32500000,40.2,558.8,10.4,74.7,10.6,553,0,Low,12286,64571,51714
2006,392,Japan,123271429,82.1,314.3,63.7,25,17.2,1727,0,Low,2891,17686,364857
2006,32,Argentina,39000000,35.2,504.3,72.7,9.6,11.6,559,2.1,Low,116,2329,73714
2006,704,Vietnam,82000000,76,96,87.4,9.6,11.2,1768,1.7,Low,820,33457,194429
2006,608,Philippines,90014286,66,144,78.1,7.3,12.3,2368,2.1,Moderate,1523,1079,75714
2006,364,Iran,71085714,87,354,91.2,6.6,7.6,218,16.4,High,136,49,90143
2006,764,Thailand,62591429,46,435,80.9,8.2,7.3,1486,16.4,Low,19143,76857,146857
2006,860,Uzbekistan,27585714,56,1634.3,92.6,5.7,7.3,227.1,4.3,High,1457,28229,6571
2006,792,Turkey,69985714,44.8,166.3,70.4,15.2,17.6,624.3,4.2,Moderate,1094,3026,158571
2006,604,Peru,27951429,23.2,231.4,83.6,5.6,8.95,1631.4,1.37,High,9957,573,118571
2006,368,Iraq,30128571,68.6,444.3,88.8,3.63,5.91,174.3,3.74,High,250,3423,18143
2007,356,India,"77,88,77,000",647.5,1512.69,40.76,32.84,25.37,1676.65,1.79,Low,4110,1955.5,11520
2007,156,China,1300000000,823,1694.73,70.4,32.84,12.699,627.857,5.893,Moderate,21550,790,279000
2007,840,USA,300000000,496,1585,51.4,24.6,13.462,755,22.69,Moderate,82769,485.5,501429
2007,76,Brazil,176200000,60.3,945.7,63.4,14.9,13.4,2083.1,12.2,Low,2714,374.3,285429
2007,643,Russia,146057143,90.3,1959.7,27.4,30.5,14.2,479.1,4.5,High,3397,926,120769
2007,484,Mexico,103931429,78.7,311.4,78.6,8.4,11.4,701.4,2.7,Moderate,4729,8700,420000
2007,36,Australia,239143,15.29,189.3,2.46,45.3,57.4,975.1,5.4,Low,4840,1594,420000
2007,826,England,52420000,15.37,839.7,2.94,16.4,57.4,975.1,0.64,Low,4743,1824,239143
2007,250,France,61697143,35.1,158,12.6,15.2,17.7,808.9,27.3,Moderate,605,8043,219714
2007,124,Canada,32800000,39.9,553.1,10.3,74.3,10.7,554,0,Low,12429,64857,50571
2007,392,Japan,123257143,81.7,311.4,63.6,24.5,17.1,1729,0,Low,2897,17729,358286
2007,32,Argentina,39400000,35.4,501.4,72.6,9.7,11.7,557,2.2,Moderate,117,2343,74571
2007,704,Vietnam,83000000,77,97,87.1,9.7,11.4,1766,1.8,Moderate,840,34486,205643
2007,608,Philippines,91771429,67,143,77.6,7.4,12.4,2366,2.2,Moderate,1574,1093,78571
2007,364,Iran,72028571,88,348,91.1,6.7,7.7,216,17.1,High,142,50,91714
2007,764,Thailand,62997143,46,431,80.3,8.4,7.4,1479,17.1,Low,19714,77286,152286
2007,860,Uzbekistan,28028571,55.5,1611.4,92.3,5.6,7.4,225.7,4.4,High,1486,28243,6857
2007,792,Turkey,70828571,45.6,165.4,70.1,15.4,17.7,621.4,4.4,Moderate,1131,3109,162857
2007,604,Peru,28317143,23.4,227.1,83.4,5.7,9.01,1627.1,1.46,High,10486,576,122857
2007,368,Iraq,30942857,67.9,431.4,88.6,3.54,5.97,171.4,3.91,High,258,3374,17714
2008,356,India,"76,99,93,000",667.25,2211.73,46.1,35.65,19.91,2011.23,3.02,Low,4220,2003.75,11680
2008,156,China,1310000000,847,1728.23,69.6,35.65,13.344,627.143,6.122,Low,21700,810,288000
2008,840,USA,303000000,492,1550,50.6,23.4,13.548,750,22.26,Moderate,83226,487,508571
2008,76,Brazil,177800000,61.2,953.7,63.6,14.6,13.6,2076.3,12.8,Low,2786,375.7,294571
2008,643,Russia,145942857,88.7,1952.2,26.9,29.7,14.5,480.3,4.3,High,3403,931,125226
2008,484,Mexico,105268571,78.8,308.6,78.4,8.6,11.6,698.6,2.8,Moderate,4771,8800,430000
2008,36,Australia,240857,15.21,187.9,2.54,44.7,57.6,979.3,5.6,Low,4860,1596,430000
2008,826,England,52680000,15.3,834.7,3.06,15.9,57.6,979.3,0.66,Low,4757,1826,240857
2008,250,France,61902857,34.9,157,12.4,14.8,17.8,811.1,27.7,Moderate,608,8057,220286
2008,124,Canada,33100000,39.6,547.4,10.2,74,10.8,555,0,Low,12571,65143,49429
2008,392,Japan,123242857,81.3,308.6,63.4,24,17.1,1731,0,Low,2903,17771,351714
2008,32,Argentina,39800000,35.6,498.6,72.4,9.8,11.8,555,2.3,Moderate,118,2357,75429
2008,704,Vietnam,84000000,78,98,86.9,9.8,11.6,1764,1.9,Moderate,860,35514,216857
2008,608,Philippines,93528571,68,142,77.1,7.6,12.6,2364,2.3,Moderate,1626,1107,81429
2008,364,Iran,72971429,89,342,91.1,6.8,7.8,214,17.9,High,148,52,93286
2008,764,Thailand,63402857,47,427,79.7,8.6,7.6,1471,17.9,Low,20286,77714,157714
2008,860,Uzbekistan,28471429,55,1588.6,91.9,5.4,7.6,224.3,4.6,High,1514,28257,7143
2008,792,Turkey,71671429,46.4,164.6,69.9,15.6,17.8,618.6,4.6,Moderate,1169,3191,167143
2008,604,Peru,28682857,23.6,222.9,83.3,5.8,9.07,1622.9,1.54,High,11014,579,127143
2008,368,Iraq,31757143,67.1,418.6,88.4,3.46,6.03,168.6,4.09,High,265,3326,17286
2009,356,India,"82,06,07,000",687.25,1867.48,43.69,26.6,25.58,1710.03,2.35,Moderate,4330,2052.75,11840
2009,156,China,1320000000,872,1762.39,68.8,26.6,14.016,626.429,6.351,Moderate,21850,830,297000
2009,840,USA,306000000,488,1515,49.8,22.2,13.634,745,21.83,Moderate,83683,488.5,515714
2009,76,Brazil,179400000,62.1,961.8,63.8,14.3,13.8,2069.4,13.4,Low,2857,377.1,303714
2009,643,Russia,145828571,87.1,1945.2,26.5,28.8,14.7,481.4,4.2,High,3409,935,129683
2009,484,Mexico,106605714,78.9,305.7,78.2,8.8,11.8,695.7,2.9,Moderate,4814,8900,440000
2009,36,Australia,242571,15.14,186.5,2.63,44.1,57.7,983.4,5.8,Low,4880,1598,440000
2009,826,England,52940000,15.23,829.8,3.17,15.4,57.7,983.4,0.68,Low,4771,1827,242571
2009,250,France,62108571,34.6,156,12.3,14.4,17.9,813.4,28.1,Moderate,611,8071,220857
2009,124,Canada,33400000,39.3,541.7,10.1,73.7,10.9,556,0,Low,12714,65429,48286
2009,392,Japan,123228571,80.9,305.7,63.3,23.5,17,1733,0,Low,2909,17814,345143
2009,32,Argentina,40200000,35.8,495.7,72.3,9.9,11.9,553,2.4,Moderate,119,2371,76286
2009,704,Vietnam,85000000,79,99,86.6,9.9,11.8,1762,2,Moderate,880,36543,228071
2009,608,Philippines,95285714,69,141,76.6,7.7,12.7,2362,2.4,Moderate,1677,1121,84286
2009,364,Iran,73914286,90,336,91,6.9,7.9,212,18.6,High,154,53,94857
2009,764,Thailand,63808571,48,423,79.1,8.8,7.7,1464,18.6,Low,20857,78143,163143
2009,860,Uzbekistan,28914286,54.5,1565.7,91.6,5.3,7.7,222.9,4.7,High,1543,28271,7429
2009,792,Turkey,72514286,47.2,163.7,69.6,15.8,17.9,615.7,4.8,Moderate,1206,3274,171429
2009,604,Peru,29048571,23.8,218.6,83.1,5.9,9.13,1618.6,1.63,High,11543,582,131429
2009,368,Iraq,32571429,66.4,405.7,88.2,3.37,6.09,165.7,4.26,High,273,3277,16857
2010,356,India,"81,08,50,000",707.5,1779.63,52.29,23.45,23.13,1320.16,1.72,Low,4440,2102.5,12000
2010,156,China,1330000000,898,1797.23,68,23.45,14.717,625.714,6.58,Moderate,22000,850,306000
2010,840,USA,309000000,484,1480,49,21,13.72,740,21.4,Moderate,84140,490,522857
2010,76,Brazil,181000000,63,970.1,64,14,14,2062.5,14,Low,2929,378.6,312857
2010,643,Russia,145714286,85.6,1938.6,26,28,15,482.5,4,Moderate,3414,940,134140
2010,484,Mexico,107942857,79,302.9,78,9,12,692.9,3,Moderate,4857,9000,450000
2010,36,Australia,244286,15.07,185.1,2.71,43.6,57.9,987.5,6,Low,4900,1600,450000
2010,826,England,53200000,15.17,825,3.29,14.9,57.9,987.5,0.7,Low,4786,1829,244286
2010,250,France,62314286,34.3,155,12.1,14,18,815.7,28.6,Moderate,615,8086,221429
2010,124,Canada,33700000,39,536,10,73.3,11,557,0,Low,12857,65714,47143
2010,392,Japan,123214286,80.4,302.9,63.1,23,17,1735,0,Low,2914,17857,338571
2010,32,Argentina,40600000,36,492.9,72.1,10,12,551,2.5,Moderate,120,2386,77143
2010,704,Vietnam,86000000,80,100,86.3,10,12,1760,2.1,Moderate,900,37571,239286
2010,608,Philippines,97042857,70,140,76.1,7.9,12.9,2360,2.5,Moderate,1729,1136,87143
2010,364,Iran,74857143,91,330,91,7,8,210,19.3,High,160,55,96429
2010,764,Thailand,64214286,48,419,78.6,9,7.9,1457,19.3,Moderate,21429,78571,168571
2010,860,Uzbekistan,29357143,54,1542.9,91.3,5.1,7.9,221.4,4.9,High,1571,28286,7714
2010,792,Turkey,73357143,48,162.9,69.3,16,18,612.9,5,Moderate,1243,3357,175714
2010,604,Peru,29414286,24,214.3,83,6,9.19,1614.3,1.71,High,12071,585,135714
2010,368,Iraq,33385714,65.7,392.9,88,3.29,6.14,162.9,4.43,High,280,3229,16429
2011,356,India,"87,04,00,000",728,2198.76,65.79,30.24,28.43,1213.16,3,Moderate,4550,2153,12160
2011,156,China,1340000000,925,1832.77,67.2,30.24,15.447,625,6.809,Moderate,22150,870,315000
2011,840,USA,312000000,480,1445,48.2,19.8,13.806,735,20.97,Moderate,84597,488,530000
2011,76,Brazil,182600000,63.9,978.5,64.2,13.7,14.2,2055.6,14.6,Low,3000,380,322000
2011,643,Russia,145600000,84,1932.4,25.6,27.1,15.2,483.6,3.9,Moderate,3420,944,138597
2011,484,Mexico,109280000,79.1,300,77.8,9.2,12.2,690,3.1,Moderate,4900,9100,460000
2011,36,Australia,246000,15,183.8,2.8,43,58,991.6,6.2,Low,4920,1602,460000
2011,826,England,53460000,15.1,820.3,3.4,14.4,58,991.6,0.72,Low,4800,1830,246000
2011,250,France,62520000,34,154,12,13.6,18.1,818,29,Moderate,618,8100,222000
2011,124,Canada,34000000,38.7,530.3,9.9,73,11.1,558,0,Low,13000,66000,46000
2011,392,Japan,123200000,80,300,63,22.5,16.9,1737,0,Low,2920,17900,332000
2011,32,Argentina,41000000,36.2,490,72,10.1,12.1,549,2.6,Moderate,121,2400,78000
2011,704,Vietnam,87000000,81,101,86,10.1,12.2,1758,2.2,Moderate,920,38600,250500
2011,608,Philippines,98800000,71,139,75.6,8,13,2358,2.6,Moderate,1780,1150,90000
2011,364,Iran,75800000,92,324,90.9,7.1,8.1,208,20,High,166,56,98000
2011,764,Thailand,64620000,49,415,78,9.2,8,1450,20,Moderate,22000,79000,174000
2011,860,Uzbekistan,29800000,53.5,1520,90.9,5,8,220,5,High,1600,28300,8000
2011,792,Turkey,74200000,48.8,162,69,16.2,18.1,610,5.2,Moderate,1280,3440,180000
2011,604,Peru,29780000,24.2,210,82.8,6.1,9.25,1610,1.8,High,12600,588,140000
2011,368,Iraq,34200000,65,380,87.8,3.2,6.2,160,4.6,High,288,3180,16000
2012,356,India,"93,10,14,000",748.75,1722.04,49.09,27.76,23.63,1334.45,2.15,Low,4660,2204.25,12320
2012,156,China,1350000000,952,1869.03,66.4,27.76,16.207,624.286,7.038,Moderate,22300,890,324000
2012,840,USA,315000000,476,1410,47.4,18.6,13.892,730,20.54,Moderate,85054,486,537143
2012,76,Brazil,184200000,64.8,987.1,64.4,13.4,14.4,2048.8,15.2,Low,3071,381.4,331143
2012,643,Russia,145485714,82.4,1926.6,25.1,26.3,15.5,484.8,3.7,Moderate,3426,949,143054
2012,484,Mexico,110617143,79.2,297.1,77.6,9.4,12.4,687.1,3.2,Moderate,4943,9200,470000
2012,36,Australia,247714,14.93,182.4,2.89,42.4,58.1,995.8,6.4,Low,4940,1604,470000
2012,826,England,53720000,15.03,815.7,3.51,13.9,58.1,995.8,0.74,Low,4814,1831,247714
2012,250,France,62725714,33.7,153,11.9,13.2,18.2,820.3,29.4,Moderate,621,8114,222571
2012,124,Canada,34300000,38.4,524.6,9.8,72.7,11.2,559,0,Low,13143,66286,44857
2012,392,Japan,123185714,79.6,297.1,62.9,22,16.9,1739,0,Low,2926,17943,325429
2012,32,Argentina,41400000,36.4,487.1,71.9,10.2,12.2,547,2.7,Moderate,122,2414,78857
2012,704,Vietnam,88000000,82,102,85.7,10.2,12.4,1756,2.3,Moderate,940,39629,261714
2012,608,Philippines,100557143,72,138,75.1,8.1,13.1,2356,2.7,Moderate,1831,1164,92857
2012,364,Iran,76742857,93,318,90.9,7.2,8.2,206,20.7,High,172,58,99571
2012,764,Thailand,65025714,50,411,77.4,9.4,8.1,1443,20.7,Moderate,22571,79429,179429
2012,860,Uzbekistan,30242857,53,1497.1,90.6,4.9,8.1,218.6,5.1,High,1629,28314,10000
2012,792,Turkey,75042857,49.6,161.1,68.7,16.4,18.2,607.1,5.4,Moderate,1317,3523,184286
2012,604,Peru,30145714,24.4,205.7,82.7,6.2,9.31,1605.7,1.89,High,13129,591,144286
2012,368,Iraq,35014286,64.3,367.1,87.6,3.11,6.26,157.1,4.77,High,295,3131,15571
2013,356,India,"96,30,95,000",769.75,1742.15,55.99,20.5,25.69,1236.72,2.25,Moderate,4770,2256.25,12480
2013,156,China,1360000000,980,1906.03,65.6,20.5,16.999,623.571,7.267,Low,22450,910,333000
2013,840,USA,318000000,472,1375,46.6,17.4,13.978,725,20.11,Moderate,85511,484,544286
2013,76,Brazil,185800000,65.7,995.9,64.6,13.1,14.6,2041.9,15.8,Low,3143,382.9,340286
2013,643,Russia,145371429,80.9,1921.2,24.7,25.4,15.7,485.9,3.6,Moderate,3431,953,147511
2013,484,Mexico,111954286,79.3,294.3,77.4,9.6,12.6,684.3,3.3,Moderate,4986,9300,480000
2013,36,Australia,249429,14.86,181.1,2.97,41.9,58.3,999.9,6.6,Low,4960,1606,480000
2013,826,England,53980000,14.97,811.2,3.63,13.4,58.3,999.9,0.76,Low,4829,1833,249429
2013,250,France,62931429,33.4,152,11.7,12.8,18.3,822.6,29.9,Moderate,624,8129,223143
2013,124,Canada,34600000,38.1,518.9,9.7,72.3,11.3,560,0,Low,13286,66571,43714
2013,392,Japan,123171429,79.1,294.3,62.7,21.5,16.8,1741,0,Low,2931,17986,318857
2013,32,Argentina,41800000,36.6,484.3,71.7,10.3,12.3,545,2.8,Moderate,123,2429,79714
2013,704,Vietnam,89000000,83,103,85.4,10.3,12.6,1754,2.4,Moderate,960,40657,272929
2013,608,Philippines,102314286,73,137,74.6,8.3,13.3,2354,2.8,Moderate,1883,1179,95714
2013,364,Iran,77685714,94,312,90.8,7.3,8.3,204,21.4,High,178,59,101143
2013,764,Thailand,65431429,50,407,76.9,9.6,8.3,1436,21.4,Moderate,23143,79857,184857
2013,860,Uzbekistan,30685714,52.5,1474.3,90.3,4.7,8.3,217.1,5.3,High,1657,28329,20000
2013,792,Turkey,75885714,50.4,160.3,68.4,16.6,18.3,604.3,5.6,Moderate,1354,3606,188571
2013,604,Peru,30511429,24.6,201.4,82.5,6.3,9.37,1601.4,1.97,High,13657,594,148571
2013,368,Iraq,35828571,63.6,354.3,87.4,3.03,6.31,154.3,4.94,High,303,3083,15143
2014,356,India,"93,35,27,000",791,1437.55,54.78,35.4,26.25,1814.19,2.73,Moderate,4880,2309,12640
2014,156,China,1370000000,1009,1943.78,64.8,35.4,17.823,622.857,7.496,Moderate,22600,930,342000
2014,840,USA,321000000,468,1340,45.8,16.2,14.064,720,19.68,Moderate,85968,482,551429
2014,76,Brazil,187400000,66.6,1004.8,64.8,12.8,14.8,2035,16.4,Low,3214,384.3,349429
2014,643,Russia,145257143,79.3,1916.2,24.2,24.6,16,487,3.4,Moderate,3437,958,151968
2014,484,Mexico,113291429,79.4,291.4,77.2,9.8,12.8,681.4,3.4,Moderate,5029,9400,490000
2014,36,Australia,251143,14.79,179.8,3.06,41.3,58.4,1004,6.8,Low,4980,1608,490000
2014,826,England,54240000,14.9,806.8,3.74,12.9,58.4,1004,0.78,Low,4843,1834,251143
2014,250,France,63137143,33.1,151,11.6,12.4,18.4,824.9,30.3,Moderate,628,8143,223714
2014,124,Canada,34900000,37.8,513.2,9.6,72,11.4,561,0,Low,13429,66857,42571
2014,392,Japan,123157143,78.7,291.4,62.6,21,16.8,1743,0,Low,2937,18029,312286
2014,32,Argentina,42200000,36.8,481.4,71.6,10.4,12.4,543,2.9,Moderate,124,2443,80571
2014,704,Vietnam,90000000,84,104,85.1,10.4,12.8,1752,2.5,Moderate,980,41686,284143
2014,608,Philippines,104071429,74,136,74.1,8.4,13.4,2352,2.9,Moderate,1934,1193,98571
2014,364,Iran,78628571,95,306,90.8,7.4,8.4,202,22.1,High,184,61,102714
2014,764,Thailand,65837143,51,403,76.3,9.8,8.4,1429,22.1,Moderate,23714,80286,190286
2014,860,Uzbekistan,31128571,52,1451.4,89.9,4.6,8.4,215.7,5.4,High,1686,28343,30000
2014,792,Turkey,76728571,51.2,159.4,68.1,16.8,18.4,601.4,5.8,Moderate,1391,3689,192857
2014,604,Peru,30877143,24.8,197.1,82.4,6.4,9.43,1597.1,2.06,High,14186,597,152857
2014,368,Iraq,36642857,62.9,341.4,87.2,2.94,6.37,151.4,5.11,High,310,3034,14714
2015,356,India,"1,02,69,76,000",812.5,1442.62,41.87,30.28,22.2,1314.4,3.02,Moderate,4990,2362.5,12800
2015,156,China,1380000000,1018,1982.3,64,30.28,18.681,622.143,7.725,Moderate,22750,950,351000
2015,840,USA,324000000,464,1305,45,15,14.15,715,19.25,Moderate,86425,480,558571
2015,76,Brazil,189000000,67.5,1013.9,65,12.5,15,2028.1,17,Low,3286,385.7,358571
2015,643,Russia,145142857,77.7,1911.6,23.8,23.7,16.2,488.1,3.3,Moderate,3443,962,156425
2015,484,Mexico,114628571,79.5,288.6,77,10,13,678.6,3.5,Moderate,5071,9500,500000
2015,36,Australia,252857,14.71,178.5,3.14,40.7,58.6,1008.1,7,Low,5000,1610,500000
2015,826,England,54500000,14.83,802.5,3.86,12.4,58.6,1008.1,0.8,Low,4857,1836,252857
2015,250,France,63342857,32.9,150,11.4,12,18.5,827.1,30.7,Moderate,631,8157,224286
2015,124,Canada,35200000,37.5,507.5,9.5,71.7,11.5,562,0,Low,13571,67143,41429
2015,392,Japan,123142857,78.3,288.6,62.4,20.5,16.7,1745,0,Low,2943,18071,305714
2015,32,Argentina,42600000,37,478.6,71.4,10.5,12.5,541,3,Moderate,125,2457,81429
2015,704,Vietnam,91000000,85,105,84.9,10.5,13,1750,2.6,Moderate,1000,42714,295357
2015,608,Philippines,105828571,75,135,73.6,8.6,13.6,2350,3,Moderate,1986,1207,101429
2015,364,Iran,79571429,96,300,90.7,7.5,8.5,200,22.9,High,190,62,104286
2015,764,Thailand,66242857,52,399,75.7,10,8.6,1421,22.9,Moderate,24286,80714,195714
2015,860,Uzbekistan,31571429,51.5,1428.6,89.6,4.4,8.6,214.3,5.6,High,1714,28357,40000
2015,792,Turkey,77571429,52,158.6,67.9,17,18.5,598.6,6,High,1429,3771,197143
2015,604,Peru,31242857,25,192.9,82.2,6.5,9.49,1592.9,2.14,High,14714,600,157143
2015,368,Iraq,37457143,62.1,328.6,87,2.86,6.43,148.6,5.29,High,318,2986,14286
2016,356,India,"1,06,46,79,000",834.25,1095.47,44.62,28.98,22.29,1839.98,3.09,Low,5100,2416.75,12960
2016,156,China,1390000000,1027,2021.61,63.8,28.98,19.573,621.429,7.954,Low,22900,960,360000
2016,840,USA,327000000,460,1270,44.2,13.8,14.236,720,18.82,Moderate,86882,478,565714
2016,76,Brazil,190600000,68.4,1023.2,65.2,12.2,15.2,2021.3,17.6,Low,3357,387.1,367714
2016,643,Russia,145028571,76.1,1907.3,23.3,22.9,16.5,489.3,3.1,Moderate,3449,967,160882
2016,484,Mexico,115965714,79.6,285.7,76.8,10.2,13.2,675.7,3.6,Moderate,5114,9600,510000
2016,36,Australia,254571,14.64,177.2,3.23,40.1,58.7,1012.3,7.2,Low,5020,1612,510000
2016,826,England,54760000,14.77,798.3,3.97,11.9,58.7,1012.3,0.82,Low,4871,1837,254571
2016,250,France,63548571,32.6,149,11.3,11.6,18.6,829.4,31.1,Moderate,634,8171,224857
2016,124,Canada,35500000,37.2,501.8,9.4,71.3,11.6,563,0,Low,13714,67429,40286
2016,392,Japan,123128571,77.9,285.7,62.3,20,16.7,1747,0,Low,2949,18114,299143
2016,32,Argentina,43000000,37.2,475.7,71.3,10.6,12.6,539,3.1,Moderate,126,2471,82286
2016,704,Vietnam,92000000,86,106,84.6,10.6,13.2,1748,2.7,Moderate,1020,43743,306571
2016,608,Philippines,107585714,76,134,73.1,8.7,13.7,2352,3.1,Moderate,2037,1221,104286
2016,364,Iran,80514286,97,294,90.7,7.6,8.6,198,23.6,High,196,64,105857
2016,764,Thailand,66648571,52,395,75.1,10.2,8.7,1414,23.6,Moderate,24857,81143,201143
2016,860,Uzbekistan,32014286,51,1405.7,89.3,4.3,8.7,212.9,5.7,High,1743,28371,50000
2016,792,Turkey,78414286,52.8,157.7,67.6,17.2,18.6,595.7,6.2,High,1466,3854,201429
2016,604,Peru,31608571,25.2,188.6,82.1,6.6,9.55,1588.6,2.23,High,15243,603,161429
2016,368,Iraq,38271429,61.4,315.7,86.8,2.77,6.49,145.7,5.46,High,325,2937,13857
2017,356,India,"1,10,11,31,000",856.25,1559.88,53.5,25.77,29.68,1399.41,2.35,Moderate,5210,2471.75,13120
2017,156,China,1400000000,1036,2061.73,63.6,25.77,20.501,620.714,8.183,Moderate,23050,965,369000
2017,840,USA,330000000,456,1235,43.4,12.6,14.322,725,18.39,Moderate,87339,476,572857
2017,76,Brazil,192200000,69.3,1032.6,65.4,11.9,15.4,2014.4,18.2,Low,3429,388.6,376857
2017,643,Russia,144914286,74.6,1903.4,22.9,22,16.7,490.4,3,Moderate,3454,971,165339
2017,484,Mexico,117302857,79.7,282.9,76.6,10.4,13.4,672.9,3.7,Moderate,5157,9700,520000
2017,36,Australia,256286,14.57,175.9,3.31,39.6,58.9,1016.4,7.4,Low,5040,1614,520000
2017,826,England,55020000,14.7,794.2,4.09,11.4,58.9,1016.4,0.84,Low,4886,1839,256286
2017,250,France,63754286,32.3,148,11.1,11.2,18.7,831.7,31.6,Moderate,637,8186,225429
2017,124,Canada,35800000,36.9,496.1,9.3,71,11.7,564,0,Low,13857,67714,39143
2017,392,Japan,123114286,77.4,282.9,62.1,19.5,16.6,1749,0,Low,2954,18157,292571
2017,32,Argentina,43400000,37.4,472.9,71.1,10.7,12.7,537,3.2,Moderate,127,2486,83143
2017,704,Vietnam,93000000,87,107,84.3,10.7,13.4,1746,2.8,Moderate,1040,44771,317786
2017,608,Philippines,109342857,77,133,72.6,8.9,13.9,2354,3.2,Moderate,2089,1236,107143
2017,364,Iran,81457143,98,288,90.6,7.7,8.7,196,24.3,High,202,65,107429
2017,764,Thailand,67054286,53,391,74.6,10.4,8.9,1407,24.3,Moderate,25429,81571,206571
2017,860,Uzbekistan,32457143,50.5,1382.9,88.9,4.1,8.9,211.4,5.9,High,1771,28386,60000
2017,792,Turkey,79257143,53.6,156.9,67.3,17.4,18.7,592.9,6.4,High,1503,3937,205714
2017,604,Peru,31974286,25.4,184.3,81.9,6.7,9.61,1584.3,2.31,High,15771,606,165714
2017,368,Iraq,39085714,60.7,302.9,86.6,2.69,6.54,142.9,5.63,High,333,2889,13429
2018,356,India,"1,13,86,58,000",878.5,975.93,50.46,31.29,23.59,1713.83,2.44,Moderate,5320,2527.5,13280
2018,156,China,1410000000,1045,2102.69,63.4,31.29,21.467,620,8.412,Moderate,23200,970,378000
2018,840,USA,333000000,452,1200,42.6,11.4,14.408,730,17.96,Low,87796,474,580000
2018,76,Brazil,193800000,70.2,1042.2,65.6,11.6,15.6,2007.5,18.8,Low,3500,390,386000
2018,643,Russia,144800000,73,1899.8,22.4,21.2,17,491.5,2.8,Moderate,3460,976,169796
2018,484,Mexico,118640000,79.8,280,76.4,10.6,13.6,670,3.8,Moderate,5200,9800,530000
2018,36,Australia,258000,14.5,174.6,3.4,39,59,1020.5,7.6,Low,5060,1616,530000
2018,826,England,55280000,14.63,790.2,4.2,10.9,59,1020.5,0.86,Low,4900,1840,258000
2018,250,France,63960000,32,147,11,10.8,18.8,834,32,High,641,8200,226000
2018,124,Canada,36100000,36.6,490.4,9.2,70.7,11.8,565,0,Low,14000,68000,38000
2018,392,Japan,123100000,77,280,62,19,16.6,1750,0,Low,2960,18200,286000
2018,32,Argentina,43800000,37.6,470,71,10.8,12.8,535,3.3,Moderate,128,2500,84000
2018,704,Vietnam,94000000,88,108,84,10.8,13.6,1744,2.9,Moderate,1060,45800,329000
2018,608,Philippines,111100000,78,132,72.1,9,14,2356,3.3,High,2140,1250,110000
2018,364,Iran,82400000,99,282,90.6,7.8,8.8,194,25,High,208,67,109000
2018,764,Thailand,67460000,54,387,74,10.6,9,1400,25,Moderate,26000,82000,212000
2018,860,Uzbekistan,32900000,50,1360,88.6,4,9,210,6,High,1800,28400,65000
2018,792,Turkey,80100000,54.4,156,67,17.6,18.8,590,6.6,High,1540,4020,210000
2018,604,Peru,32340000,25.6,180,81.8,6.8,9.67,1580,2.4,High,16300,609,170000
2018,368,Iraq,39900000,60,290,86.4,2.6,6.6,140,5.8,High,340,2840,13000
2019,356,India,"1,11,04,83,000",901,1055.27,52.23,26.4,27.72,999.73,2.24,Moderate,5430,2584,13440
2019,156,China,1420000000,1054,2144.5,63.2,26.4,22.471,619.286,8.641,Moderate,23350,975,387000
2019,840,USA,336000000,448,1165,41.8,10.2,14.494,735,17.53,Low,88253,472,587143
2019,76,Brazil,195400000,71.1,1052,65.8,11.3,15.8,2000.6,19.4,Low,3571,391.4,395143
2019,643,Russia,144685714,71.4,1896.6,22,20.3,17.2,492.6,2.7,Moderate,3466,980,174253
2019,484,Mexico,119977143,79.9,277.1,76.2,10.8,13.8,667.1,3.9,Moderate,5200,9900,540000
2019,36,Australia,259714,14.43,173.4,3.49,38.4,59.1,1024.6,7.8,Low,5080,1618,540000
2019,826,England,55540000,14.57,786.3,4.31,10.4,59.1,1024.6,0.88,Low,4914,1841,259714
2019,250,France,64165714,31.7,146,10.9,10.4,18.9,836.3,32.4,High,644,8214,226571
2019,124,Canada,36400000,36.3,484.7,9.1,70.3,11.9,566,0,Low,14143,68286,36857
2019,392,Japan,123085714,76.6,277.1,61.9,18.5,16.5,1749,0,Low,2966,18243,279429
2019,32,Argentina,44200000,37.8,467.1,70.9,10.9,12.9,533,3.4,Moderate,129,2500,84857
2019,704,Vietnam,95000000,89,109,83.7,10.9,13.8,1742,3,Moderate,1080,46829,340214
2019,608,Philippines,112857143,79,131,71.6,9.1,14.1,2358,3.4,High,2191,1264,112857
2019,364,Iran,83342857,100,276,90.5,7.9,8.9,192,25.7,High,214,68,110571
2019,764,Thailand,67865714,54,383,73.4,10.8,9.1,1393,25.7,Moderate,26571,82429,217429
2019,860,Uzbekistan,33342857,49.5,1337.1,88.3,3.9,9.1,208.6,6.1,High,1829,28414,68000
2019,792,Turkey,80942857,55.2,155.1,66.7,17.8,18.9,587.1,6.8,High,1577,4103,214286
2019,604,Peru,32705714,25.8,175.7,81.6,6.9,9.73,1575.7,2.49,High,16829,612,174286
2019,368,Iraq,40714286,59.3,277.1,86.2,2.51,6.66,137.1,5.97,High,348,2791,12571
2020,356,India,"1,22,27,59,000",923.75,1002.88,64.5,26.79,24.05,1574.56,2.68,Moderate,5540,2641.25,13600
2020,156,China,1430000000,1063,2187.19,63.1,26.79,23.516,618.571,8.87,Moderate,23500,978,396000
2020,840,USA,339000000,444,1130,41,9.8,14.58,740,17.1,Low,88710,470,594286
2020,76,Brazil,197000000,72,1062,66,11,16,1993.8,20,Low,3643,392.9,404286
2020,643,Russia,144571429,69.9,1893.7,21.5,19.5,17.5,493.8,2.5,Moderate,3471,985,178710
2020,484,Mexico,121314286,80,274.3,76,11,14,664.3,4,Moderate,5200,10000,550000
2020,36,Australia,261429,14.36,172.1,3.57,37.9,59.3,1028.8,8,Low,5100,1620,550000
2020,826,England,55800000,14.5,782.5,4.43,9.9,59.3,1028.8,0.9,Low,4929,1843,261429
2020,250,France,64371429,31.4,145,10.7,10,19,838.6,32.9,High,647,8229,227143
2020,124,Canada,36700000,36,479,9,70,12,567,0,Low,14286,68571,35714
2020,392,Japan,123071429,76.1,274.3,61.7,18,16.5,1748,0,Low,2971,18286,272857
2020,32,Argentina,44600000,38,464.3,70.7,11,13,531,3.5,Moderate,130,2500,85714
2020,704,Vietnam,96000000,90,110,83.4,11,14,1740,3.1,Moderate,1100,47857,351429
2020,608,Philippines,114614286,80,130,71.1,9.3,14.3,2360,3.5,High,2243,1279,115714
2020,364,Iran,84285714,100,270,90.5,8,9,190,26.4,High,220,70,112143
2020,764,Thailand,68271429,55,379,72.9,11,9.3,1386,26.4,Moderate,27143,82857,222857
2020,860,Uzbekistan,33785714,49,1314.3,87.9,3.7,9.3,207.1,6.3,High,1857,28429,70000
2020,792,Turkey,81785714,56,154.3,66.4,18,19,584.3,7,High,1614,4186,218571
2020,604,Peru,33071429,26,171.4,81.5,7,9.79,1571.4,2.57,High,17357,615,178571
2020,368,Iraq,41528571,58.6,264.3,86,2.43,6.71,134.3,6.14,High,355,2743,12143
2021,356,India,"1,22,78,44,000",946.75,984.12,45.22,24.59,22.59,1742.16,2.16,Moderate,5650,2699.25,13760
2021,156,China,1440000000,1072,2230.78,63,24.59,24.602,617.857,9.099,Moderate,23650,979,405000
2021,840,USA,341000000,440,1095,40.2,9.6,14.666,745,16.67,Low,89167,468,601429
2021,76,Brazil,198600000,72.9,1072.1,66.2,10.7,16.2,1986.9,20.6,Low,3714,394.3,413429
2021,643,Russia,144457143,68.3,1891.1,21.1,18.6,17.7,494.9,2.4,Moderate,3477,989,183167
2021,484,Mexico,122651429,80.1,271.4,76,11.2,14,661.4,4.1,Moderate,5200,10100,560000
2021,36,Australia,263143,14.29,170.9,3.66,37.3,59.4,1032.9,8,Low,5120,1622,560000
2021,826,England,56060000,14.43,778.8,4.54,9.4,59.4,1032.9,0.92,Low,4943,1844,263143
2021,250,France,64577143,31.1,144,10.6,9.6,19.1,840.9,33.3,High,650,8243,227714
2021,124,Canada,37000000,35.7,473.3,9,69.7,12,568,0,Low,14429,68857,34571
2021,392,Japan,123057143,75.7,271.4,61.6,17.5,16.4,1747,0,Low,2977,18329,266286
2021,32,Argentina,45000000,38,461.4,70.6,11.1,13,529,3.6,Moderate,131,2500,86571
2021,704,Vietnam,97000000,91,111,83.1,11.1,14.2,1738,3.2,Moderate,1120,48886,362643
2021,608,Philippines,116371429,81,130,70.6,9.4,14.4,2362,3.6,High,2294,1293,118571
2021,364,Iran,85228571,100,264,90.4,8,9,188,27.1,High,226,70,113714
2021,764,Thailand,68677143,55,375,72.3,11.2,9.4,1379,27.1,Moderate,27714,83286,228286
2021,860,Uzbekistan,34228571,48.5,1291.4,87.6,3.6,9.4,205.7,6.4,High,1886,28443,72000
2021,792,Turkey,82628571,56.8,153.4,66.1,18,19.1,581.4,7,High,1651,4269,222857
2021,604,Peru,33437143,26,167.1,81.3,7,9.85,1567.1,2.66,High,17886,618,182857
2021,368,Iraq,42342857,57.9,251.4,85.8,2.34,6.77,131.4,6.31,High,363,2694,11714
2022,356,India,"1,29,39,25,000",970,1040.43,47.52,33.61,22.99,2146.37,2.97,Low,5760,2758,13920
2022,156,China,1450000000,1081,2275.3,63,33.61,25.731,617.143,9.328,Low,23800,979.5,414000
2022,840,USA,341500000,436,1060,39.4,9.4,14.752,750,16.24,Low,89624,466,608571
2022,76,Brazil,200200000,73.8,1082.5,66.4,10.4,16.4,1980,21.2,Low,3786,395.7,422571
2022,643,Russia,144342857,66.7,1888.9,20.6,17.8,18,496,2.2,Moderate,3483,994,187624
2022,484,Mexico,123988571,80.2,268.6,76,11.4,14,658.6,4.2,Moderate,5200,10200,570000
2022,36,Australia,264857,14.21,169.7,3.74,36.7,59.6,1037,8,Low,5140,1624,570000
2022,826,England,56320000,14.37,775.2,4.66,8.9,59.6,1037,0.94,Low,4957,1846,264857
2022,250,France,64782857,30.9,143,10.4,9.2,19.2,843.1,33.7,High,654,8257,228286
2022,124,Canada,37300000,35.4,467.6,9,69.3,12,569,0,Low,14571,69143,33429
2022,392,Japan,123042857,75.3,268.6,61.4,17,16.4,1746,0,Low,2983,18371,259714
2022,32,Argentina,45400000,38,458.6,70.4,11.2,13,527,3.7,Moderate,132,2500,87429
2022,704,Vietnam,98000000,92,112,82.9,11.2,14.4,1736,3.3,Moderate,1140,49914,373857
2022,608,Philippines,118128571,82,130,70.1,9.6,14.6,2364,3.7,High,2346,1307,121429
2022,364,Iran,86171429,100,258,90.4,8,9,186,27.9,High,232,70,115286
2022,764,Thailand,69082857,55,371,71.7,11.4,9.6,1371,27.9,Moderate,28286,83714,233714
2022,860,Uzbekistan,34671429,48,1268.6,87.3,3.4,9.6,204.3,6.6,High,1914,28457,73000
2022,792,Turkey,83471429,57.6,152.6,65.9,18,19.2,578.6,7,High,1689,4351,227143
2022,604,Peru,33802857,26,162.9,81.2,7,9.91,1562.9,2.74,High,18414,621,187143
2022,368,Iraq,43157143,57.1,238.6,85.6,2.26,6.83,128.6,6.49,High,370,2646,11286
2023,356,India,"1,27,17,96,000",993.5,1188.08,48.39,25.33,27.93,1603.46,2.91,Moderate,5870,2817.5,14080
2023,156,China,1460000000,1090,2320.76,63,25.33,26.904,616.429,9.557,Moderate,23950,979.8,423000
2023,840,USA,342000000,432,1025,38.6,9.2,14.838,755,15.81,Low,90081,464,615714
2023,76,Brazil,201800000,74.7,1093,66.6,10.1,16.6,1973.1,21.8,Low,3857,397.1,431714
2023,643,Russia,144228571,65.1,1887,20.2,16.9,18.2,497.1,2.1,Moderate,3489,998,192081
2023,484,Mexico,125325714,80.3,265.7,76,11.6,14,655.7,4.3,Moderate,5200,10300,580000
2023,36,Australia,266571,14.14,168.5,3.83,36.1,59.7,1041.1,8,Low,5160,1626,580000
2023,826,England,56580000,14.3,771.7,4.77,8.4,59.7,1041.1,0.96,Low,4971,1847,266571
2023,250,France,64988571,30.6,142,10.3,8.8,19.3,845.4,34.1,High,657,8271,228857
2023,124,Canada,37600000,35.1,461.9,9,69,12,570,0,Low,14714,69429,32286
2023,392,Japan,123028571,74.9,265.7,61.3,16.5,16.3,1745,0,Low,2989,18414,253143
2023,32,Argentina,45800000,38,455.7,70.3,11.3,13,525,3.8,Moderate,133,2500,88286
2023,704,Vietnam,99000000,93,113,82.6,11.3,14.6,1734,3.4,Moderate,1160,50943,385071
2023,608,Philippines,119885714,83,130,69.6,9.7,14.7,2366,3.8,High,2397,1321,124286
2023,364,Iran,87114286,100,252,90.3,8,9,184,28.6,High,238,70,116857
2023,764,Thailand,69488571,55,367,71.1,11.6,9.7,1364,28.6,Moderate,28857,84143,239143
2023,860,Uzbekistan,35114286,47.5,1245.7,86.9,3.3,9.7,202.9,6.7,High,1943,28471,74000
2023,792,Turkey,84314286,58.4,151.7,65.6,18,19.3,575.7,7,High,1726,4434,231429
2023,604,Peru,34168571,26,158.6,81,7,9.97,1558.6,2.83,High,18943,624,191429
2023,368,Iraq,43971429,56.4,225.7,85.4,2.17,6.89,125.7,6.66,High,378,2597,10857
2024,356,India,"1,34,95,18,000",1017.25,1260.39,42.76,26.46,22.65,1391.92,2.18,Low,6138,3000,15040
2024,156,China,1408000000,1010,1958.6,63,26.46,27.102,615,10,Low,24000,980,549000
2024,840,USA,342000000,420,965,37.8,9,14.924,760,15,Low,91000,462,630000
2024,76,Brazil,205000000,75,1002.4,68,9,16,1960,22,Low,4000,400,450000
2024,643,Russia,144114286,62,1885.4,20,15,18,500,2,Moderate,3500,1000,210000
2024,484,Mexico,129400000,81,260,76,12,14,650,5,Moderate,5200,10500,600000
2024,36,Australia,270000,14,166.7,4,35,60,1050,8,Low,5200,1640,600000
2024,826,England,57100000,14.2,762.8,5,6,60,1050,1,Low,5000,1850,270000
2024,250,France,68400000,30,140,10,8,20,850,35,High,660,8300,230000
2024,124,Canada,41100000,35,450,9,68,12,570,0,Low,15000,70000,31143
2024,392,Japan,122500000,74,270,62,15,16,1744,0,Low,3000,18500,240000
2024,32,Argentina,46000000,38,450,70,12,13,550,4.5,Moderate,140,2500,90000
2024,704,Vietnam,100300000,94,130,82,12,15,1759,4,Moderate,1200,51971,396286
2024,608,Philippines,118700000,90,130,70,10,15,2350,4,High,2500,1350,127143
2024,364,Iran,89000000,100,180,90,8,9,180,30,High,250,70,118429
2024,764,Thailand,71800000,55,350,70,12,10,1350,30,Moderate,30000,85000,250000
2024,860,Uzbekistan,36500000,48,1200,85,4,10,180,7,High,2000,28500,74500
2024,792,Turkey,86000000,60,150,65,18,20,560,7,High,1800,5300,235714
2024,604,Peru,34700000,26,150,80,7,10,1550,2.91,High,19471,635,195714
2024,368,Iraq,44785714,55,200,85,2,7,120,7,High,400,2500,10429
